id,status,response_time,body,tsbefore,tsafter
0,200,3030212637,129848685,1573526705726785391,1573526708756997937
2,200,56570305,51416007,1573526708757198633,1573526708813669770
3,200,22308601,20710227,1573526708813819094,1573526708836099684
4,200,23195485,21463721,1573526708836135200,1573526708859295403
5,200,20488308,18799873,1573526708859338192,1573526708879803027
6,200,21257521,19663136,1573526708879836911,1573526708901062813
7,200,21423928,18606126,1573526708901100911,1573526708922495696
8,200,20995732,19163816,1573526708922531387,1573526708943503638
132,503,1098427,1098427:1210082:2011676:1341455:1171116,1573526711638999718,1573526711686717393
