id,status,response_time0,200,19.0
1,200,23.0
2,200,26.0
3,200,20.0
4,200,23.0
5,200,26.0
6,200,20.0
7,200,23.0
8,200,26.0
9,200,20.0
10,200,23.0
11,200,26.0
12,200,20.0
13,200,23.0
14,200,26.0
15,200,20.0
16,200,23.0
17,200,26.0
18,200,20.0
19,200,23.0
20,200,26.0
21,200,20.0
22,200,23.0
23,200,26.0
24,200,20.0
25,200,23.0
26,200,26.0
27,200,20.0
28,200,23.0
29,200,26.0
30,200,20.0
31,200,23.0
32,200,26.0
33,200,20.0
34,200,23.0
35,200,26.0
36,200,20.0
37,200,23.0
38,200,26.0
39,200,20.0
40,200,23.0
41,200,26.0
42,200,20.0
43,200,23.0
44,200,26.0
45,200,20.0
46,200,23.0
47,200,26.0
48,200,20.0
49,200,23.0
50,200,26.0
51,200,20.0
52,200,23.0
53,200,26.0
54,200,20.0
55,200,23.0
56,200,26.0
57,200,20.0
58,200,23.0
59,200,26.0
60,200,20.0
61,200,23.0
62,200,26.0
63,200,20.0
64,200,23.0
65,200,26.0
66,200,20.0
67,200,23.0
68,200,26.0
69,200,20.0
70,200,23.0
71,200,26.0
72,200,20.0
73,200,23.0
74,200,26.0
75,200,20.0
76,200,23.0
77,200,26.0
78,200,20.0
79,200,23.0
80,200,26.0
81,200,20.0
82,200,23.0
83,200,26.0
84,200,20.0
85,200,23.0
86,200,26.0
87,200,20.0
88,200,23.0
89,200,26.0
90,200,20.0
91,200,23.0
92,200,26.0
93,200,20.0
94,200,23.0
95,200,26.0
96,200,20.0
97,200,23.0
98,200,26.0
99,200,20.0
100,200,23.0
101,200,26.0
102,200,20.0
103,200,23.0
104,200,26.0
105,200,20.0
106,200,23.0
107,200,26.0
108,200,20.0
109,200,23.0
110,200,26.0
111,200,20.0
112,200,23.0
113,200,26.0
114,200,20.0
115,200,23.0
116,200,26.0
117,200,20.0
118,200,23.0
119,200,26.0
120,200,20.0
121,200,23.0
122,200,26.0
123,200,20.0
124,200,23.0
125,200,26.0
126,200,20.0
127,200,23.0
128,200,26.0
129,200,20.0
130,200,23.0
131,200,26.0
132,200,20.0
133,200,23.0
134,200,26.0
135,200,20.0
136,200,23.0
137,200,26.0
138,200,20.0
139,200,23.0
140,200,26.0
141,200,20.0
142,200,23.0
143,200,26.0
144,200,20.0
145,200,23.0
146,200,26.0
147,200,20.0
148,200,23.0
149,200,26.0
150,200,20.0
151,200,23.0
152,200,26.0
153,200,20.0
154,200,23.0
155,200,26.0
156,200,20.0
157,200,23.0
158,200,26.0
159,200,20.0
160,200,23.0
161,200,26.0
162,200,20.0
163,200,23.0
164,200,26.0
165,200,20.0
166,200,23.0
167,200,26.0
168,200,20.0
169,200,23.0
170,200,26.0
171,200,20.0
172,200,23.0
173,200,26.0
174,200,20.0
175,200,23.0
176,200,26.0
177,200,20.0
178,200,23.0
179,200,26.0
180,200,20.0
181,200,23.0
182,200,26.0
183,200,20.0
184,200,23.0
185,200,26.0
186,200,20.0
187,200,23.0
188,200,26.0
189,200,20.0
190,200,23.0
191,200,26.0
192,200,20.0
193,200,23.0
194,200,26.0
195,200,20.0
196,200,23.0
197,200,26.0
198,200,20.0
199,200,23.0
200,200,26.0
201,200,20.0
202,200,23.0
203,200,26.0
204,200,20.0
205,200,23.0
206,200,26.0
207,200,20.0
208,200,23.0
209,200,26.0
210,200,20.0
211,200,23.0
212,200,26.0
213,200,20.0
214,200,23.0
215,200,26.0
216,200,20.0
217,200,23.0
218,200,26.0
219,200,20.0
220,200,23.0
221,200,26.0
222,200,20.0
223,200,23.0
224,200,26.0
225,200,20.0
226,200,23.0
227,200,26.0
228,200,20.0
229,200,23.0
230,200,26.0
231,200,20.0
232,200,23.0
233,200,26.0
234,200,20.0
235,200,23.0
236,200,26.0
237,200,20.0
238,200,23.0
239,200,26.0
240,200,20.0
241,200,23.0
242,200,26.0
243,200,20.0
244,200,23.0
245,200,26.0
246,200,20.0
247,200,23.0
248,200,26.0
249,200,20.0
250,200,23.0
251,200,26.0
252,200,20.0
253,200,23.0
254,200,26.0
255,200,20.0
256,200,23.0
257,200,26.0
258,200,20.0
259,200,23.0
260,200,26.0
261,200,20.0
262,200,23.0
263,200,26.0
264,200,20.0
265,200,23.0
266,200,26.0
267,200,20.0
268,200,23.0
269,200,26.0
270,200,20.0
271,200,23.0
272,200,26.0
273,200,20.0
274,200,23.0
275,200,26.0
276,200,20.0
277,200,23.0
278,200,26.0
279,200,20.0
280,200,23.0
281,200,26.0
282,200,20.0
283,200,23.0
284,200,26.0
285,200,20.0
286,200,23.0
287,200,26.0
288,200,20.0
289,200,23.0
290,200,26.0
291,200,20.0
292,200,23.0
293,200,26.0
294,200,20.0
295,200,23.0
296,200,26.0
297,200,20.0
298,200,23.0
299,200,26.0
300,200,20.0
301,200,23.0
302,200,26.0
303,200,20.0
304,200,23.0
305,200,26.0
306,200,20.0
307,200,23.0
308,200,26.0
309,200,20.0
310,200,23.0
311,200,26.0
312,200,20.0
313,200,23.0
314,200,26.0
315,200,20.0
316,200,23.0
317,200,26.0
318,200,20.0
319,200,23.0
320,200,26.0
321,200,20.0
322,200,23.0
323,200,26.0
324,200,20.0
325,200,23.0
326,200,26.0
327,200,20.0
328,200,23.0
329,200,26.0
330,200,20.0
331,200,23.0
332,200,26.0
333,200,20.0
334,200,23.0
335,200,26.0
336,200,20.0
337,200,23.0
338,200,26.0
339,200,20.0
340,200,23.0
341,200,26.0
342,200,20.0
343,200,23.0
344,200,26.0
345,200,20.0
346,200,23.0
347,200,26.0
348,200,20.0
349,200,23.0
350,200,26.0
351,200,20.0
352,200,23.0
353,200,26.0
354,200,20.0
355,200,23.0
356,200,26.0
357,200,20.0
358,200,23.0
359,200,26.0
360,200,20.0
361,200,23.0
362,200,26.0
363,200,20.0
364,200,23.0
365,200,26.0
366,200,20.0
367,200,23.0
368,200,26.0
369,200,20.0
370,200,23.0
371,200,26.0
372,200,20.0
373,200,23.0
374,200,26.0
375,200,20.0
376,200,23.0
377,200,26.0
378,200,20.0
379,200,23.0
380,200,26.0
381,200,20.0
382,200,23.0
383,200,26.0
384,200,20.0
385,200,23.0
386,200,26.0
387,200,20.0
388,200,23.0
389,200,26.0
390,200,20.0
391,200,23.0
392,200,26.0
393,200,20.0
394,200,23.0
395,200,26.0
396,200,20.0
397,200,23.0
398,200,26.0
399,200,20.0
400,200,23.0
401,200,26.0
402,200,20.0
403,200,23.0
404,200,26.0
405,200,20.0
406,200,23.0
407,200,26.0
408,200,20.0
409,200,23.0
410,200,26.0
411,200,20.0
412,200,23.0
413,200,26.0
414,200,20.0
415,200,23.0
416,200,26.0
417,200,20.0
418,200,23.0
419,200,26.0
420,200,20.0
421,200,23.0
422,200,26.0
423,200,20.0
424,200,23.0
425,200,26.0
426,200,20.0
427,200,23.0
428,200,26.0
429,200,20.0
430,200,23.0
431,200,26.0
432,200,20.0
433,200,23.0
434,200,26.0
435,200,20.0
436,200,23.0
437,200,26.0
438,200,20.0
439,200,23.0
440,200,26.0
441,200,20.0
442,200,23.0
443,200,26.0
444,200,20.0
445,200,23.0
446,200,26.0
447,200,20.0
448,200,23.0
449,200,26.0
450,200,20.0
451,200,23.0
452,200,26.0
453,200,20.0
454,200,23.0
455,200,26.0
456,200,20.0
457,200,23.0
458,200,26.0
459,200,20.0
460,200,23.0
461,200,26.0
462,200,20.0
463,200,23.0
464,200,26.0
465,200,20.0
466,200,23.0
467,200,26.0
468,200,20.0
469,200,23.0
470,200,26.0
471,200,20.0
472,200,23.0
473,200,26.0
474,200,20.0
475,200,23.0
476,200,26.0
477,200,20.0
478,200,23.0
479,200,26.0
480,200,20.0
481,200,23.0
482,200,26.0
483,200,20.0
484,200,23.0
485,200,26.0
486,200,20.0
487,200,23.0
488,200,26.0
489,200,20.0
490,200,23.0
491,200,26.0
492,200,20.0
493,200,23.0
494,200,26.0
495,200,20.0
496,200,23.0
497,200,26.0
498,200,20.0
499,200,23.0
500,200,26.0
501,200,20.0
502,200,23.0
503,200,26.0
504,200,20.0
505,200,23.0
506,200,26.0
507,200,20.0
508,200,23.0
509,200,26.0
510,200,20.0
511,200,23.0
512,200,26.0
513,200,20.0
514,200,23.0
515,200,26.0
516,200,20.0
517,200,23.0
518,200,26.0
519,200,20.0
520,200,23.0
521,200,26.0
522,200,20.0
523,200,23.0
524,200,26.0
525,200,20.0
526,200,23.0
527,200,26.0
528,200,20.0
529,200,23.0
530,200,26.0
531,200,20.0
532,200,23.0
533,200,26.0
534,200,20.0
535,200,23.0
536,200,26.0
537,200,20.0
538,200,23.0
539,200,26.0
540,200,20.0
541,200,23.0
542,200,26.0
543,200,20.0
544,200,23.0
545,200,26.0
546,200,20.0
547,200,23.0
548,200,26.0
549,200,20.0
550,200,23.0
551,200,26.0
552,200,20.0
553,200,23.0
554,200,26.0
555,200,20.0
556,200,23.0
557,200,26.0
558,200,20.0
559,200,23.0
560,200,26.0
561,200,20.0
562,200,23.0
563,200,26.0
564,200,20.0
565,200,23.0
566,200,26.0
567,200,20.0
568,200,23.0
569,200,26.0
570,200,20.0
571,200,23.0
572,200,26.0
573,200,20.0
574,200,23.0
575,200,26.0
576,200,20.0
577,200,23.0
578,200,26.0
579,200,20.0
580,200,23.0
581,200,26.0
582,200,20.0
583,200,23.0
584,200,26.0
585,200,20.0
586,200,23.0
587,200,26.0
588,200,20.0
589,200,23.0
590,200,26.0
591,200,20.0
592,200,23.0
593,200,26.0
594,200,20.0
595,200,23.0
596,200,26.0
597,200,20.0
598,200,23.0
599,200,26.0
600,200,20.0
601,200,23.0
602,200,26.0
603,200,20.0
604,200,23.0
605,200,26.0
606,200,20.0
607,200,23.0
608,200,26.0
609,200,20.0
610,200,23.0
611,200,26.0
612,200,20.0
613,200,23.0
614,200,26.0
615,200,20.0
616,200,23.0
617,200,26.0
618,200,20.0
619,200,23.0
620,200,26.0
621,200,20.0
622,200,23.0
623,200,26.0
624,200,20.0
625,200,23.0
626,200,26.0
627,200,20.0
628,200,23.0
629,200,26.0
630,200,20.0
631,200,23.0
632,200,26.0
633,200,20.0
634,200,23.0
635,200,26.0
636,200,20.0
637,200,23.0
638,200,26.0
639,200,20.0
640,200,23.0
641,200,26.0
642,200,20.0
643,200,23.0
644,200,26.0
645,200,20.0
646,200,23.0
647,200,26.0
648,200,20.0
649,200,23.0
650,200,26.0
651,200,20.0
652,200,23.0
653,200,26.0
654,200,20.0
655,200,23.0
656,200,26.0
657,200,20.0
658,200,23.0
659,200,26.0
660,200,20.0
661,200,23.0
662,200,26.0
663,200,20.0
664,200,23.0
665,200,26.0
666,200,20.0
667,200,23.0
668,200,26.0
669,200,20.0
670,200,23.0
671,200,26.0
672,200,20.0
673,200,23.0
674,200,26.0
675,200,20.0
676,200,23.0
677,200,26.0
678,200,20.0
679,200,23.0
680,200,26.0
681,200,20.0
682,200,23.0
683,200,26.0
684,200,20.0
685,200,23.0
686,200,26.0
687,200,20.0
688,200,23.0
689,200,26.0
690,200,20.0
691,200,23.0
692,200,26.0
693,200,20.0
694,200,23.0
695,200,26.0
696,200,20.0
697,200,23.0
698,200,26.0
699,200,20.0
700,200,23.0
701,200,26.0
702,200,20.0
703,200,23.0
704,200,26.0
705,200,20.0
706,200,23.0
707,200,26.0
708,200,20.0
709,200,23.0
710,200,26.0
711,200,20.0
712,200,23.0
713,200,26.0
714,200,20.0
715,200,23.0
716,200,26.0
717,200,20.0
718,200,23.0
719,200,26.0
720,200,20.0
721,200,23.0
722,200,26.0
723,200,20.0
724,200,23.0
725,200,26.0
726,200,20.0
727,200,23.0
728,200,26.0
729,200,20.0
730,200,23.0
731,200,26.0
732,200,20.0
733,200,23.0
734,200,26.0
735,200,20.0
736,200,23.0
737,200,26.0
738,200,20.0
739,200,23.0
740,200,26.0
741,200,20.0
742,200,23.0
743,200,26.0
744,200,20.0
745,200,23.0
746,200,26.0
747,200,20.0
748,200,23.0
749,200,26.0
750,200,20.0
751,200,23.0
752,200,26.0
753,200,20.0
754,200,23.0
755,200,26.0
756,200,20.0
757,200,23.0
758,200,26.0
759,200,20.0
760,200,23.0
761,200,26.0
762,200,20.0
763,200,23.0
764,200,26.0
765,200,20.0
766,200,23.0
767,200,26.0
768,200,20.0
769,200,23.0
770,200,26.0
771,200,20.0
772,200,23.0
773,200,26.0
774,200,20.0
775,200,23.0
776,200,26.0
777,200,20.0
778,200,23.0
779,200,26.0
780,200,20.0
781,200,23.0
782,200,26.0
783,200,20.0
784,200,23.0
785,200,26.0
786,200,20.0
787,200,23.0
788,200,26.0
789,200,20.0
790,200,23.0
791,200,26.0
792,200,20.0
793,200,23.0
794,200,26.0
795,200,20.0
796,200,23.0
797,200,26.0
798,200,20.0
799,200,23.0
800,200,26.0
801,200,20.0
802,200,23.0
803,200,26.0
804,200,20.0
805,200,23.0
806,200,26.0
807,200,20.0
808,200,23.0
809,200,26.0
810,200,20.0
811,200,23.0
812,200,26.0
813,200,20.0
814,200,23.0
815,200,26.0
816,200,20.0
817,200,23.0
818,200,26.0
819,200,20.0
820,200,23.0
821,200,26.0
822,200,20.0
823,200,23.0
824,200,26.0
825,200,20.0
826,200,23.0
827,200,26.0
828,200,20.0
829,200,23.0
830,200,26.0
831,200,20.0
832,200,23.0
833,200,26.0
834,200,20.0
835,200,23.0
836,200,26.0
837,200,20.0
838,200,23.0
839,200,26.0
840,200,20.0
841,200,23.0
842,200,26.0
843,200,20.0
844,200,23.0
845,200,26.0
846,200,20.0
847,200,23.0
848,200,26.0
849,200,20.0
850,200,23.0
851,200,26.0
852,200,20.0
853,200,23.0
854,200,26.0
855,200,20.0
856,200,23.0
857,200,26.0
858,200,20.0
859,200,23.0
860,200,26.0
861,200,20.0
862,200,23.0
863,200,26.0
864,200,20.0
865,200,23.0
866,200,26.0
867,200,20.0
868,200,23.0
869,200,26.0
870,200,20.0
871,200,23.0
872,200,26.0
873,200,20.0
874,200,23.0
875,200,26.0
876,200,20.0
877,200,23.0
878,200,26.0
879,200,20.0
880,200,23.0
881,200,26.0
882,200,20.0
883,200,23.0
884,200,26.0
885,200,20.0
886,200,23.0
887,200,26.0
888,200,20.0
889,200,23.0
890,200,26.0
891,200,20.0
892,200,23.0
893,200,26.0
894,200,20.0
895,200,23.0
896,200,26.0
897,200,20.0
898,200,23.0
899,200,26.0
900,200,20.0
901,200,23.0
902,200,26.0
903,200,20.0
904,200,23.0
905,200,26.0
906,200,20.0
907,200,23.0
908,200,26.0
909,200,20.0
910,200,23.0
911,200,26.0
912,200,20.0
913,200,23.0
914,200,26.0
915,200,20.0
916,200,23.0
917,200,26.0
918,200,20.0
919,200,23.0
920,200,26.0
921,200,20.0
922,200,23.0
923,200,26.0
924,200,20.0
925,200,23.0
926,200,26.0
927,200,20.0
928,200,23.0
929,200,26.0
930,200,20.0
931,200,23.0
932,200,26.0
933,200,20.0
934,200,23.0
935,200,26.0
936,200,20.0
937,200,23.0
938,200,26.0
939,200,20.0
940,200,23.0
941,200,26.0
942,200,20.0
943,200,23.0
944,200,26.0
945,200,20.0
946,200,23.0
947,200,26.0
948,200,20.0
949,200,23.0
950,200,26.0
951,200,20.0
952,200,23.0
953,200,26.0
954,200,20.0
955,200,23.0
956,200,26.0
957,200,20.0
958,200,23.0
959,200,26.0
960,200,20.0
961,200,23.0
962,200,26.0
963,200,20.0
964,200,23.0
965,200,26.0
966,200,20.0
967,200,23.0
968,200,26.0
969,200,20.0
970,200,23.0
971,200,26.0
972,200,20.0
973,200,23.0
974,200,26.0
975,200,20.0
976,200,23.0
977,200,26.0
978,200,20.0
979,200,23.0
980,200,26.0
981,200,20.0
982,200,23.0
983,200,26.0
984,200,20.0
985,200,23.0
986,200,26.0
987,200,20.0
988,200,23.0
989,200,26.0
990,200,20.0
991,200,23.0
992,200,26.0
993,200,20.0
994,200,23.0
995,200,26.0
996,200,20.0
997,200,23.0
998,200,26.0
999,200,20.0
1000,200,23.0
1001,200,26.0
1002,200,20.0
1003,200,23.0
1004,200,26.0
1005,200,20.0
1006,200,23.0
1007,200,26.0
1008,200,20.0
1009,200,23.0
1010,200,26.0
1011,200,20.0
1012,200,23.0
1013,200,26.0
1014,200,20.0
1015,200,23.0
1016,200,26.0
1017,200,20.0
1018,200,23.0
1019,200,26.0
1020,200,20.0
1021,200,23.0
1022,200,26.0
1023,200,20.0
1024,200,23.0
1025,200,26.0
1026,200,20.0
1027,200,23.0
1028,200,26.0
1029,200,20.0
1030,200,23.0
1031,200,26.0
1032,200,20.0
1033,200,23.0
1034,200,26.0
1035,200,20.0
1036,200,23.0
1037,200,26.0
1038,200,20.0
1039,200,23.0
1040,200,26.0
1041,200,20.0
1042,200,23.0
1043,200,26.0
1044,200,20.0
1045,200,23.0
1046,200,26.0
1047,200,20.0
1048,200,23.0
1049,200,26.0
1050,200,20.0
1051,200,23.0
1052,200,26.0
1053,200,20.0
1054,200,23.0
1055,200,26.0
1056,200,20.0
1057,200,23.0
1058,200,26.0
1059,200,20.0
1060,200,23.0
1061,200,26.0
1062,200,20.0
1063,200,23.0
1064,200,26.0
1065,200,20.0
1066,200,23.0
1067,200,26.0
1068,200,20.0
1069,200,23.0
1070,200,26.0
1071,200,20.0
1072,200,23.0
1073,200,26.0
1074,200,20.0
1075,200,23.0
1076,200,26.0
1077,200,20.0
1078,200,23.0
1079,200,26.0
1080,200,20.0
1081,200,23.0
1082,200,26.0
1083,200,20.0
1084,200,23.0
1085,200,26.0
1086,200,20.0
1087,200,23.0
1088,200,26.0
1089,200,20.0
1090,200,23.0
1091,200,26.0
1092,200,20.0
1093,200,23.0
1094,200,26.0
1095,200,20.0
1096,200,23.0
1097,200,26.0
1098,200,20.0
1099,200,23.0
1100,200,26.0
1101,200,20.0
1102,200,23.0
1103,200,26.0
1104,200,20.0
1105,200,23.0
1106,200,26.0
1107,200,20.0
1108,200,23.0
1109,200,26.0
1110,200,20.0
1111,200,23.0
1112,200,26.0
1113,200,20.0
1114,200,23.0
1115,200,26.0
1116,200,20.0
1117,200,23.0
1118,200,26.0
1119,200,20.0
1120,200,23.0
1121,200,26.0
1122,200,20.0
1123,200,23.0
1124,200,26.0
1125,200,20.0
1126,200,23.0
1127,200,26.0
1128,200,20.0
1129,200,23.0
1130,200,26.0
1131,200,20.0
1132,200,23.0
1133,200,26.0
1134,200,20.0
1135,200,23.0
1136,200,26.0
1137,200,20.0
1138,200,23.0
1139,200,26.0
1140,200,20.0
1141,200,23.0
1142,200,26.0
1143,200,20.0
1144,200,23.0
1145,200,26.0
1146,200,20.0
1147,200,23.0
1148,200,26.0
1149,200,20.0
1150,200,23.0
1151,200,26.0
1152,200,20.0
1153,200,23.0
1154,200,26.0
1155,200,20.0
1156,200,23.0
1157,200,26.0
1158,200,20.0
1159,200,23.0
1160,200,26.0
1161,200,20.0
1162,200,23.0
1163,200,26.0
1164,200,20.0
1165,200,23.0
1166,200,26.0
1167,200,20.0
1168,200,23.0
1169,200,26.0
1170,200,20.0
1171,200,23.0
1172,200,26.0
1173,200,20.0
1174,200,23.0
1175,200,26.0
1176,200,20.0
1177,200,23.0
1178,200,26.0
1179,200,20.0
1180,200,23.0
1181,200,26.0
1182,200,20.0
1183,200,23.0
1184,200,26.0
1185,200,20.0
1186,200,23.0
1187,200,26.0
1188,200,20.0
1189,200,23.0
1190,200,26.0
1191,200,20.0
1192,200,23.0
1193,200,26.0
1194,200,20.0
1195,200,23.0
1196,200,26.0
1197,200,20.0
1198,200,23.0
1199,200,26.0
1200,200,20.0
1201,200,23.0
1202,200,26.0
1203,200,20.0
1204,200,23.0
1205,200,26.0
1206,200,20.0
1207,200,23.0
1208,200,26.0
1209,200,20.0
1210,200,23.0
1211,200,26.0
1212,200,20.0
1213,200,23.0
1214,200,26.0
1215,200,20.0
1216,200,23.0
1217,200,26.0
1218,200,20.0
1219,200,23.0
1220,200,26.0
1221,200,20.0
1222,200,23.0
1223,200,26.0
1224,200,20.0
1225,200,23.0
1226,200,26.0
1227,200,20.0
1228,200,23.0
1229,200,26.0
1230,200,20.0
1231,200,23.0
1232,200,26.0
1233,200,20.0
1234,200,23.0
1235,200,26.0
1236,200,20.0
1237,200,23.0
1238,200,26.0
1239,200,20.0
1240,200,23.0
1241,200,26.0
1242,200,20.0
1243,200,23.0
1244,200,26.0
1245,200,20.0
1246,200,23.0
1247,200,26.0
1248,200,20.0
1249,200,23.0
1250,200,26.0
1251,200,20.0
1252,200,23.0
1253,200,26.0
1254,200,20.0
1255,200,23.0
1256,200,26.0
1257,200,20.0
1258,200,23.0
1259,200,26.0
1260,200,20.0
1261,200,23.0
1262,200,26.0
1263,200,20.0
1264,200,23.0
1265,200,26.0
1266,200,20.0
1267,200,23.0
1268,200,26.0
1269,200,20.0
1270,200,23.0
1271,200,26.0
1272,200,20.0
1273,200,23.0
1274,200,26.0
1275,200,20.0
1276,200,23.0
1277,200,26.0
1278,200,20.0
1279,200,23.0
1280,200,26.0
1281,200,20.0
1282,200,23.0
1283,200,26.0
1284,200,20.0
1285,200,23.0
1286,200,26.0
1287,200,20.0
1288,200,23.0
1289,200,26.0
1290,200,20.0
1291,200,23.0
1292,200,26.0
1293,200,20.0
1294,200,23.0
1295,200,26.0
1296,200,20.0
1297,200,23.0
1298,200,26.0
1299,200,20.0
1300,200,23.0
1301,200,26.0
1302,200,20.0
1303,200,23.0
1304,200,26.0
1305,200,20.0
1306,200,23.0
1307,200,26.0
1308,200,20.0
1309,200,23.0
1310,200,26.0
1311,200,20.0
1312,200,23.0
1313,200,26.0
1314,200,20.0
1315,200,23.0
1316,200,26.0
1317,200,20.0
1318,200,23.0
1319,200,26.0
1320,200,20.0
1321,200,23.0
1322,200,26.0
1323,200,20.0
1324,200,23.0
1325,200,26.0
1326,200,20.0
1327,200,23.0
1328,200,26.0
1329,200,20.0
1330,200,23.0
1331,200,26.0
1332,200,20.0
1333,200,23.0
1334,200,26.0
1335,200,20.0
1336,200,23.0
1337,200,26.0
1338,200,20.0
1339,200,23.0
1340,200,26.0
1341,200,20.0
1342,200,23.0
1343,200,26.0
1344,200,20.0
1345,200,23.0
1346,200,26.0
1347,200,20.0
1348,200,23.0
1349,200,26.0
1350,200,20.0
1351,200,23.0
1352,200,26.0
1353,200,20.0
1354,200,23.0
1355,200,26.0
1356,200,20.0
1357,200,23.0
1358,200,26.0
1359,200,20.0
1360,200,23.0
1361,200,26.0
1362,200,20.0
1363,200,23.0
1364,200,26.0
1365,200,20.0
1366,200,23.0
1367,200,26.0
1368,200,20.0
1369,200,23.0
1370,200,26.0
1371,200,20.0
1372,200,23.0
1373,200,26.0
1374,200,20.0
1375,200,23.0
1376,200,26.0
1377,200,20.0
1378,200,23.0
1379,200,26.0
1380,200,20.0
1381,200,23.0
1382,200,26.0
1383,200,20.0
1384,200,23.0
1385,200,26.0
1386,200,20.0
1387,200,23.0
1388,200,26.0
1389,200,20.0
1390,200,23.0
1391,200,26.0
1392,200,20.0
1393,200,23.0
1394,200,26.0
1395,200,20.0
1396,200,23.0
1397,200,26.0
1398,200,20.0
1399,200,23.0
1400,200,26.0
1401,200,20.0
1402,200,23.0
1403,200,26.0
1404,200,20.0
1405,200,23.0
1406,200,26.0
1407,200,20.0
1408,200,23.0
1409,200,26.0
1410,200,20.0
1411,200,23.0
1412,200,26.0
1413,200,20.0
1414,200,23.0
1415,200,26.0
1416,200,20.0
1417,200,23.0
1418,200,26.0
1419,200,20.0
1420,200,23.0
1421,200,26.0
1422,200,20.0
1423,200,23.0
1424,200,26.0
1425,200,20.0
1426,200,23.0
1427,200,26.0
1428,200,20.0
1429,200,23.0
1430,200,26.0
1431,200,20.0
1432,200,23.0
1433,200,26.0
1434,200,20.0
1435,200,23.0
1436,200,26.0
1437,200,20.0
1438,200,23.0
1439,200,26.0
1440,200,20.0
1441,200,23.0
1442,200,26.0
1443,200,20.0
1444,200,23.0
1445,200,26.0
1446,200,20.0
1447,200,23.0
1448,200,26.0
1449,200,20.0
1450,200,23.0
1451,200,26.0
1452,200,20.0
1453,200,23.0
1454,200,26.0
1455,200,20.0
1456,200,23.0
1457,200,26.0
1458,200,20.0
1459,200,23.0
1460,200,26.0
1461,200,20.0
1462,200,23.0
1463,200,26.0
1464,200,20.0
1465,200,23.0
1466,200,26.0
1467,200,20.0
1468,200,23.0
1469,200,26.0
1470,200,20.0
1471,200,23.0
1472,200,26.0
1473,200,20.0
1474,200,23.0
1475,200,26.0
1476,200,20.0
1477,200,23.0
1478,200,26.0
1479,200,20.0
1480,200,23.0
1481,200,26.0
1482,200,20.0
1483,200,23.0
1484,200,26.0
1485,200,20.0
1486,200,23.0
1487,200,26.0
1488,200,20.0
1489,200,23.0
1490,200,26.0
1491,200,20.0
1492,200,23.0
1493,200,26.0
1494,200,20.0
1495,200,23.0
1496,200,26.0
1497,200,20.0
1498,200,23.0
1499,200,26.0
1500,200,20.0
1501,200,23.0
1502,200,26.0
1503,200,20.0
1504,200,23.0
1505,200,26.0
1506,200,20.0
1507,200,23.0
1508,200,26.0
1509,200,20.0
1510,200,23.0
1511,200,26.0
1512,200,20.0
1513,200,23.0
1514,200,26.0
1515,200,20.0
1516,200,23.0
1517,200,26.0
1518,200,20.0
1519,200,23.0
1520,200,26.0
1521,200,20.0
1522,200,23.0
1523,200,26.0
1524,200,20.0
1525,200,23.0
1526,200,26.0
1527,200,20.0
1528,200,23.0
1529,200,26.0
1530,200,20.0
1531,200,23.0
1532,200,26.0
1533,200,20.0
1534,200,23.0
1535,200,26.0
1536,200,20.0
1537,200,23.0
1538,200,26.0
1539,200,20.0
1540,200,23.0
1541,200,26.0
1542,200,20.0
1543,200,23.0
1544,200,26.0
1545,200,20.0
1546,200,23.0
1547,200,26.0
1548,200,20.0
1549,200,23.0
1550,200,26.0
1551,200,20.0
1552,200,23.0
1553,200,26.0
1554,200,20.0
1555,200,23.0
1556,200,26.0
1557,200,20.0
1558,200,23.0
1559,200,26.0
1560,200,20.0
1561,200,23.0
1562,200,26.0
1563,200,20.0
1564,200,23.0
1565,200,26.0
1566,200,20.0
1567,200,23.0
1568,200,26.0
1569,200,20.0
1570,200,23.0
1571,200,26.0
1572,200,20.0
1573,200,23.0
1574,200,26.0
1575,200,20.0
1576,200,23.0
1577,200,26.0
1578,200,20.0
1579,200,23.0
1580,200,26.0
1581,200,20.0
1582,200,23.0
1583,200,26.0
1584,200,20.0
1585,200,23.0
1586,200,26.0
1587,200,20.0
1588,200,23.0
1589,200,26.0
1590,200,20.0
1591,200,23.0
1592,200,26.0
1593,200,20.0
1594,200,23.0
1595,200,26.0
1596,200,20.0
1597,200,23.0
1598,200,26.0
1599,200,20.0
1600,200,23.0
1601,200,26.0
1602,200,20.0
1603,200,23.0
1604,200,26.0
1605,200,20.0
1606,200,23.0
1607,200,26.0
1608,200,20.0
1609,200,23.0
1610,200,26.0
1611,200,20.0
1612,200,23.0
1613,200,26.0
1614,200,20.0
1615,200,23.0
1616,200,26.0
1617,200,20.0
1618,200,23.0
1619,200,26.0
1620,200,20.0
1621,200,23.0
1622,200,26.0
1623,200,20.0
1624,200,23.0
1625,200,26.0
1626,200,20.0
1627,200,23.0
1628,200,26.0
1629,200,20.0
1630,200,23.0
1631,200,26.0
1632,200,20.0
1633,200,23.0
1634,200,26.0
1635,200,20.0
1636,200,23.0
1637,200,26.0
1638,200,20.0
1639,200,23.0
1640,200,26.0
1641,200,20.0
1642,200,23.0
1643,200,26.0
1644,200,20.0
1645,200,23.0
1646,200,26.0
1647,200,20.0
1648,200,23.0
1649,200,26.0
1650,200,20.0
1651,200,23.0
1652,200,26.0
1653,200,20.0
1654,200,23.0
1655,200,26.0
1656,200,20.0
1657,200,23.0
1658,200,26.0
1659,200,20.0
1660,200,23.0
1661,200,26.0
1662,200,20.0
1663,200,23.0
1664,200,26.0
1665,200,20.0
1666,200,23.0
1667,200,26.0
1668,200,20.0
1669,200,23.0
1670,200,26.0
1671,200,20.0
1672,200,23.0
1673,200,26.0
1674,200,20.0
1675,200,23.0
1676,200,26.0
1677,200,20.0
1678,200,23.0
1679,200,26.0
1680,200,20.0
1681,200,23.0
1682,200,26.0
1683,200,20.0
1684,200,23.0
1685,200,26.0
1686,200,20.0
1687,200,23.0
1688,200,26.0
1689,200,20.0
1690,200,23.0
1691,200,26.0
1692,200,20.0
1693,200,23.0
1694,200,26.0
1695,200,20.0
1696,200,23.0
1697,200,26.0
1698,200,20.0
1699,200,23.0
1700,200,26.0
1701,200,20.0
1702,200,23.0
1703,200,26.0
1704,200,20.0
1705,200,23.0
1706,200,26.0
1707,200,20.0
1708,200,23.0
1709,200,26.0
1710,200,20.0
1711,200,23.0
1712,200,26.0
1713,200,20.0
1714,200,23.0
1715,200,26.0
1716,200,20.0
1717,200,23.0
1718,200,26.0
1719,200,20.0
1720,200,23.0
1721,200,26.0
1722,200,20.0
1723,200,23.0
1724,200,26.0
1725,200,20.0
1726,200,23.0
1727,200,26.0
1728,200,20.0
1729,200,23.0
1730,200,26.0
1731,200,20.0
1732,200,23.0
1733,200,26.0
1734,200,20.0
1735,200,23.0
1736,200,26.0
1737,200,20.0
1738,200,23.0
1739,200,26.0
1740,200,20.0
1741,200,23.0
1742,200,26.0
1743,200,20.0
1744,200,23.0
1745,200,26.0
1746,200,20.0
1747,200,23.0
1748,200,26.0
1749,200,20.0
1750,200,23.0
1751,200,26.0
1752,200,20.0
1753,200,23.0
1754,200,26.0
1755,200,20.0
1756,200,23.0
1757,200,26.0
1758,200,20.0
1759,200,23.0
1760,200,26.0
1761,200,20.0
1762,200,23.0
1763,200,26.0
1764,200,20.0
1765,200,23.0
1766,200,26.0
1767,200,20.0
1768,200,23.0
1769,200,26.0
1770,200,20.0
1771,200,23.0
1772,200,26.0
1773,200,20.0
1774,200,23.0
1775,200,26.0
1776,200,20.0
1777,200,23.0
1778,200,26.0
1779,200,20.0
1780,200,23.0
1781,200,26.0
1782,200,20.0
1783,200,23.0
1784,200,26.0
1785,200,20.0
1786,200,23.0
1787,200,26.0
1788,200,20.0
1789,200,23.0
1790,200,26.0
1791,200,20.0
1792,200,23.0
1793,200,26.0
1794,200,20.0
1795,200,23.0
1796,200,26.0
1797,200,20.0
1798,200,23.0
1799,200,26.0
1800,200,20.0
1801,200,23.0
1802,200,26.0
1803,200,20.0
1804,200,23.0
1805,200,26.0
1806,200,20.0
1807,200,23.0
1808,200,26.0
1809,200,20.0
1810,200,23.0
1811,200,26.0
1812,200,20.0
1813,200,23.0
1814,200,26.0
1815,200,20.0
1816,200,23.0
1817,200,26.0
1818,200,20.0
1819,200,23.0
1820,200,26.0
1821,200,20.0
1822,200,23.0
1823,200,26.0
1824,200,20.0
1825,200,23.0
1826,200,26.0
1827,200,20.0
1828,200,23.0
1829,200,26.0
1830,200,20.0
1831,200,23.0
1832,200,26.0
1833,200,20.0
1834,200,23.0
1835,200,26.0
1836,200,20.0
1837,200,23.0
1838,200,26.0
1839,200,20.0
1840,200,23.0
1841,200,26.0
1842,200,20.0
1843,200,23.0
1844,200,26.0
1845,200,20.0
1846,200,23.0
1847,200,26.0
1848,200,20.0
1849,200,23.0
1850,200,26.0
1851,200,20.0
1852,200,23.0
1853,200,26.0
1854,200,20.0
1855,200,23.0
1856,200,26.0
1857,200,20.0
1858,200,23.0
1859,200,26.0
1860,200,20.0
1861,200,23.0
1862,200,26.0
1863,200,20.0
1864,200,23.0
1865,200,26.0
1866,200,20.0
1867,200,23.0
1868,200,26.0
1869,200,20.0
1870,200,23.0
1871,200,26.0
1872,200,20.0
1873,200,23.0
1874,200,26.0
1875,200,20.0
1876,200,23.0
1877,200,26.0
1878,200,20.0
1879,200,23.0
1880,200,26.0
1881,200,20.0
1882,200,23.0
1883,200,26.0
1884,200,20.0
1885,200,23.0
1886,200,26.0
1887,200,20.0
1888,200,23.0
1889,200,26.0
1890,200,20.0
1891,200,23.0
1892,200,26.0
1893,200,20.0
1894,200,23.0
1895,200,26.0
1896,200,20.0
1897,200,23.0
1898,200,26.0
1899,200,20.0
1900,200,23.0
1901,200,26.0
1902,200,20.0
1903,200,23.0
1904,200,26.0
1905,200,20.0
1906,200,23.0
1907,200,26.0
1908,200,20.0
1909,200,23.0
1910,200,26.0
1911,200,20.0
1912,200,23.0
1913,200,26.0
1914,200,20.0
1915,200,23.0
1916,200,26.0
1917,200,20.0
1918,200,23.0
1919,200,26.0
1920,200,20.0
1921,200,23.0
1922,200,26.0
1923,200,20.0
1924,200,23.0
1925,200,26.0
1926,200,20.0
1927,200,23.0
1928,200,26.0
1929,200,20.0
1930,200,23.0
1931,200,26.0
1932,200,20.0
1933,200,23.0
1934,200,26.0
1935,200,20.0
1936,200,23.0
1937,200,26.0
1938,200,20.0
1939,200,23.0
1940,200,26.0
1941,200,20.0
1942,200,23.0
1943,200,26.0
1944,200,20.0
1945,200,23.0
1946,200,26.0
1947,200,20.0
1948,200,23.0
1949,200,26.0
1950,200,20.0
1951,200,23.0
1952,200,26.0
1953,200,20.0
1954,200,23.0
1955,200,26.0
1956,200,20.0
1957,200,23.0
1958,200,26.0
1959,200,20.0
1960,200,23.0
1961,200,26.0
1962,200,20.0
1963,200,23.0
1964,200,26.0
1965,200,20.0
1966,200,23.0
1967,200,26.0
1968,200,20.0
1969,200,23.0
1970,200,26.0
1971,200,20.0
1972,200,23.0
1973,200,26.0
1974,200,20.0
1975,200,23.0
1976,200,26.0
1977,200,20.0
1978,200,23.0
1979,200,26.0
1980,200,20.0
1981,200,23.0
1982,200,26.0
1983,200,20.0
1984,200,23.0
1985,200,26.0
1986,200,20.0
1987,200,23.0
1988,200,26.0
1989,200,20.0
1990,200,23.0
1991,200,26.0
1992,200,20.0
1993,200,23.0
1994,200,26.0
1995,200,20.0
1996,200,23.0
1997,200,26.0
1998,200,20.0
1999,200,23.0
2000,200,26.0
2001,200,20.0
2002,200,23.0
2003,200,26.0
2004,200,20.0
2005,200,23.0
2006,200,26.0
2007,200,20.0
2008,200,23.0
2009,200,26.0
2010,200,20.0
2011,200,23.0
2012,200,26.0
2013,200,20.0
2014,200,23.0
2015,200,26.0
2016,200,20.0
2017,200,23.0
2018,200,26.0
2019,200,20.0
2020,200,23.0
2021,200,26.0
2022,200,20.0
2023,200,23.0
2024,200,26.0
2025,200,20.0
2026,200,23.0
2027,200,26.0
2028,200,20.0
2029,200,23.0
2030,200,26.0
2031,200,20.0
2032,200,23.0
2033,200,26.0
2034,200,20.0
2035,200,23.0
2036,200,26.0
2037,200,20.0
2038,200,23.0
2039,200,26.0
2040,200,20.0
2041,200,23.0
2042,200,26.0
2043,200,20.0
2044,200,23.0
2045,200,26.0
2046,200,20.0
2047,200,23.0
2048,200,26.0
2049,200,20.0
2050,200,23.0
2051,200,26.0
2052,200,20.0
2053,200,23.0
2054,200,26.0
2055,200,20.0
2056,200,23.0
2057,200,26.0
2058,200,20.0
2059,200,23.0
2060,200,26.0
2061,200,20.0
2062,200,23.0
2063,200,26.0
2064,200,20.0
2065,200,23.0
2066,200,26.0
2067,200,20.0
2068,200,23.0
2069,200,26.0
2070,200,20.0
2071,200,23.0
2072,200,26.0
2073,200,20.0
2074,200,23.0
2075,200,26.0
2076,200,20.0
2077,200,23.0
2078,200,26.0
2079,200,20.0
2080,200,23.0
2081,200,26.0
2082,200,20.0
2083,200,23.0
2084,200,26.0
2085,200,20.0
2086,200,23.0
2087,200,26.0
2088,200,20.0
2089,200,23.0
2090,200,26.0
2091,200,20.0
2092,200,23.0
2093,200,26.0
2094,200,20.0
2095,200,23.0
2096,200,26.0
2097,200,20.0
2098,200,23.0
2099,200,26.0
2100,200,20.0
2101,200,23.0
2102,200,26.0
2103,200,20.0
2104,200,23.0
2105,200,26.0
2106,200,20.0
2107,200,23.0
2108,200,26.0
2109,200,20.0
2110,200,23.0
2111,200,26.0
2112,200,20.0
2113,200,23.0
2114,200,26.0
2115,200,20.0
2116,200,23.0
2117,200,26.0
2118,200,20.0
2119,200,23.0
2120,200,26.0
2121,200,20.0
2122,200,23.0
2123,200,26.0
2124,200,20.0
2125,200,23.0
2126,200,26.0
2127,200,20.0
2128,200,23.0
2129,200,26.0
2130,200,20.0
2131,200,23.0
2132,200,26.0
2133,200,20.0
2134,200,23.0
2135,200,26.0
2136,200,20.0
2137,200,23.0
